param_criterion,param_max_depth,param_n_estimators,split0_test_score,split1_test_score,split2_test_score,split3_test_score,split4_test_score,mean_test_score,std_test_score,rank_test_score
gini,1,1,0.28701772923772456,0.316332853952553,0.3102645060103975,0.305874350900453,0.33901564775008647,0.31170101757024293,0.016809647604770057,199
gini,1,34,0.49446938012715796,0.48312713639184596,0.4715967156094486,0.5419991117025845,0.4722020131907646,0.4926788714043604,0.026041070183734454,177
gini,1,67,0.48435702442675815,0.501768624380694,0.4643295401502514,0.5627799790189348,0.4548996748757953,0.4936269685704867,0.03819031255906818,173
gini,1,100,0.4918422730288371,0.5100267895771999,0.4682851500217642,0.5441830951327878,0.4640166182006904,0.4956707851922559,0.029414812202947685,172
gini,1,133,0.48662353063721997,0.4966479647295859,0.4602344669050291,0.5450478080432996,0.46780819767817194,0.49127239359866126,0.029853727653828738,178
gini,1,167,0.49833949993583204,0.5054008590965922,0.47251024053318613,0.5453565939124889,0.46900749593904467,0.49812293788342876,0.027523635382525516,169
gini,1,200,0.49979086380703325,0.5077342641162104,0.4532833091764511,0.559228052761683,0.4777485689203279,0.49955701175634115,0.03533955010178699,166
gini,1,233,0.48941297198125905,0.5061612887057869,0.4765460091480662,0.5526256467095808,0.4696459378984189,0.4988783708886223,0.02961308442570298,167
gini,1,266,0.4992173804497337,0.5067817918401061,0.4653858297374607,0.5475273549819342,0.4750559215495068,0.49879365571174833,0.028700265383794634,168
gini,1,300,0.4853631273113026,0.5034565589303012,0.47790368373430586,0.5612564570503925,0.4699908618445118,0.49959413777416284,0.03276129215011921,165
gini,17,1,0.3346675372041589,0.33605900164818214,0.3087482573849246,0.3832267789445737,0.3519561450111779,0.3429315440386035,0.02445065280583312,182
gini,17,34,0.5744116390748172,0.6151427834573601,0.5638778324692322,0.6179443350157201,0.56349652788743,0.5869746235809119,0.024474801629143682,145
gini,17,67,0.5704282288420113,0.6222780544139569,0.5908617778762352,0.608594095764736,0.5687281466289114,0.5921780607051702,0.020977045002055206,140
gini,17,100,0.5914704012114482,0.6251708470044086,0.5928632705130064,0.6143352875374672,0.5987584297623789,0.6045196472057418,0.013131370174498114,96
gini,17,133,0.5927463774725865,0.6394039300192678,0.595374526948244,0.6116212779766887,0.5870220060898906,0.6052336237013355,0.018937835590122087,92
gini,17,167,0.5992917405070693,0.641653865686313,0.5920539520539494,0.6256630285325796,0.6086760692446662,0.6134677312049155,0.018031373370027186,21
gini,17,200,0.5948909835918789,0.6420715306039433,0.6048758867197157,0.625891114752555,0.5957862849944521,0.6127031601325089,0.018445291203109858,24
gini,17,233,0.5948572859285908,0.6393272373737955,0.5850877342944152,0.6241486018642273,0.6039418058034994,0.6094725330529056,0.019725633925157398,57
gini,17,266,0.6006181282931758,0.6579237174757819,0.59538919073832,0.6347840256624019,0.604013228984268,0.6185456582307896,0.024013021229929266,1
gini,17,300,0.6003818495640554,0.643173942001492,0.5926223732685634,0.6271121283279673,0.6054100815502811,0.613740074942472,0.018649142827247157,19
gini,34,1,0.3339349028325006,0.3449297405620755,0.3311256367736869,0.3344143489319909,0.3136453849738688,0.3316100028148245,0.010135551642865727,191
gini,34,34,0.5787116228535198,0.6022804650815108,0.5726106060540275,0.577657435980242,0.5516621535450348,0.576584456702867,0.016142327283435107,154
gini,34,67,0.5781971003103378,0.6288906114542742,0.5625479574573656,0.5979467920622482,0.59967645818764,0.5934517838943731,0.02237236700487744,134
gini,34,100,0.5793260204829338,0.6286656082102556,0.5810685452487574,0.611116679871012,0.5867847150673191,0.5973923137760556,0.019348150775348294,125
gini,34,133,0.5953066668194548,0.6395693917425287,0.5905328749570145,0.6177098659881602,0.5913542602759367,0.606894611956619,0.01912119449370202,81
gini,34,167,0.5926238909112691,0.6455437699134066,0.570109302742119,0.6127564882500444,0.60685058607334,0.6055768075780359,0.024804234936744333,89
gini,34,200,0.5913685127412411,0.6447798426237398,0.5830554384604927,0.6339892700384812,0.595844625295655,0.6098075378319219,0.02473238228934112,53
gini,34,233,0.5915265341650656,0.6446813750446693,0.587213061906364,0.6158241156161588,0.592762453593309,0.6064015080651133,0.021585267524090047,84
gini,34,266,0.6002226183168374,0.6407293016656376,0.5864884710747275,0.6125507357268739,0.5979674449247039,0.607591714341756,0.018520089638928827,74
gini,34,300,0.5949669921500953,0.6497848567031745,0.5920922207183996,0.621817873972072,0.5905405125327643,0.6098404912153012,0.02301182865028872,52
gini,50,1,0.3175877101767902,0.34176524391543184,0.3319492913444448,0.33661267170704035,0.3135241053604967,0.3282878045008408,0.010925292709405007,196
gini,50,34,0.5449364039701555,0.602842739725212,0.5560612037405344,0.5869739931209123,0.5627559012842251,0.5707140483682078,0.021162058137525808,160
gini,50,67,0.5648251157672581,0.6202914399738656,0.5794651549671669,0.5897964353155067,0.5864556504858135,0.5881667593019222,0.018210596291511755,143
gini,50,100,0.5822088152490155,0.635651307272944,0.585512625194243,0.6151741765150809,0.5754189980818579,0.5987931844626283,0.022911242931715203,121
gini,50,133,0.5799144302914777,0.6414730223844101,0.5783047011428881,0.6178178814768762,0.5949561642212967,0.6024932399033898,0.024107939116898184,110
gini,50,167,0.5954666481826559,0.6380933243799236,0.5861022876499281,0.6218689198905206,0.5872743633072052,0.6057611086820467,0.020683513578512166,87
gini,50,200,0.5875332169436758,0.6451420811756166,0.5896537747764106,0.6138770830426186,0.6018467874129511,0.6076105886702544,0.021007861895004833,73
gini,50,233,0.596745260564959,0.6410440447677856,0.591398579780982,0.6201268182566708,0.604628358568745,0.6107886123878286,0.01796513901631733,39
gini,50,266,0.5903825003607615,0.6487093845882349,0.5932277381916824,0.6187637442217916,0.5925626022425714,0.6087291939210083,0.022527151734499873,65
gini,50,300,0.5914047370296456,0.6442274202039546,0.5938271730810614,0.6224292045568122,0.5998086511339115,0.6103394372010771,0.02018233415075021,47
gini,67,1,0.3198223199881647,0.3097356317303308,0.32111326442721794,0.30398808305224645,0.3101528974252986,0.3129624393246517,0.006516729179723678,198
gini,67,34,0.5595439762032741,0.593726766505487,0.5669290941664784,0.5962758448877925,0.5503397443964564,0.5733630852318978,0.018450540960421244,158
gini,67,67,0.5909439712582379,0.6256537216826973,0.5717694711311664,0.6223537075125958,0.5839862065607968,0.5989414156290989,0.021389785732818963,120
gini,67,100,0.5872516808540678,0.633808492763342,0.5825761810878313,0.5978759096283345,0.5972245965555818,0.5997473721778315,0.018005659163513887,118
gini,67,133,0.5896363176498103,0.635873992768617,0.5807200023312226,0.6199616282142963,0.5934650094228486,0.6039313900773589,0.020639579173199963,101
gini,67,167,0.5958021862667412,0.6344694690101791,0.5815352200739689,0.6136263769441257,0.5961077860961976,0.6043082076782426,0.01819196659188671,98
gini,67,200,0.5925228340268078,0.6382901003149841,0.5885483110142989,0.6141656298256016,0.5868100695883967,0.6040673889540178,0.01972360028924749,100
gini,67,233,0.5913810958218955,0.6364527305355959,0.5852892246963409,0.6184571555853018,0.5913237632315685,0.6045807939741406,0.01964952565514582,95
gini,67,266,0.5928940580655494,0.64498838428017,0.5881337298974139,0.6258487209831329,0.5999377981245877,0.6103605382701709,0.021664320789548688,46
gini,67,300,0.5915397583609439,0.6487418138294121,0.5881424182174584,0.6246807506216381,0.5952126808790106,0.6096634843816926,0.02346523203950707,56
gini,83,1,0.3287052145040606,0.34657859598109764,0.32341048331699185,0.33713818340114915,0.3121795391318298,0.32960240326702583,0.011727575336041745,194
gini,83,34,0.5665225935803361,0.6039966693544985,0.5363022237265187,0.5574883458004216,0.5535702888115471,0.5635760242546645,0.02246573206929485,162
gini,83,67,0.5865425720837865,0.6259396988525193,0.5636688909335434,0.5936017342504938,0.5955743339515286,0.5930654460143744,0.019969997287703118,137
gini,83,100,0.5724687627381089,0.6336707653132153,0.5675640773795512,0.6193851589991088,0.587079627035652,0.5960336782931273,0.026106858967460816,131
gini,83,133,0.5885757909499555,0.6365817371727441,0.599393267288479,0.6183369574669061,0.5839449164359504,0.605366533862807,0.019591403525355433,91
gini,83,167,0.5960775185937043,0.6362069542871347,0.5918097929551498,0.6191699081384537,0.5987740258556864,0.6084076399660259,0.016786632969232523,67
gini,83,200,0.593108036543356,0.6436825324481645,0.5965887086583639,0.6210100632707416,0.5893972363890232,0.6087573154619298,0.020676983311509578,64
gini,83,233,0.5914395202212653,0.650083636015373,0.5865620193898539,0.6245258576682304,0.5978080179028574,0.6100838102395161,0.023917098772990038,49
gini,83,266,0.598020327187746,0.6468805602330006,0.5995968088350953,0.6236647742094649,0.6026703960235705,0.6141665732977755,0.0187912860316715,14
gini,83,300,0.590990184726462,0.6432376501429796,0.5905361789586493,0.6181746799726455,0.6068745252172103,0.6099626438035894,0.01960378433434143,51
gini,100,1,0.32164505852146485,0.33517958465830955,0.326303394218323,0.3264975686072315,0.3338047950867074,0.32868608021840723,0.005067733299968539,195
gini,100,34,0.5656614521217405,0.6124165275337857,0.5464953782742902,0.6057384824213093,0.5742644366150469,0.5809152553932344,0.024779679546391944,151
gini,100,67,0.5854258622122328,0.6162084033441122,0.5597538238099754,0.6021638832216687,0.5810061607230813,0.5889116266622141,0.01921229155423467,142
gini,100,100,0.5754930660383274,0.6292755012681306,0.5826647180066007,0.6027491008703693,0.5965632093863422,0.5973491191139539,0.0186675655962439,126
gini,100,133,0.5854076282497269,0.635745396877868,0.5983272084977445,0.6105797835557253,0.5862161728214331,0.6032552380004995,0.018667682139138726,106
gini,100,167,0.5871627805512658,0.640611131804422,0.5775362605785994,0.6241927782840405,0.5936737822138651,0.6046353466864386,0.023818300428303643,94
gini,100,200,0.5852445028599329,0.6342401933433499,0.5786743242383845,0.6176433956882037,0.5979870696082044,0.6027578971476151,0.020601996502857142,109
gini,100,233,0.594190362219609,0.6369015348581636,0.591860125742048,0.6173270628917813,0.6001938517546149,0.6080945874932433,0.016937447697292118,69
gini,100,266,0.5820565638371157,0.6451677192939027,0.5803375276422208,0.6123955385169495,0.5944869019417813,0.6028888502463939,0.024045868390885725,108
gini,100,300,0.5970929088110339,0.642841156286534,0.602378131426319,0.6306284565461122,0.6009146531599991,0.6147710612459998,0.018425466340713653,8
gini,116,1,0.32542875995773646,0.32269373644174026,0.3344656980675189,0.3231894442433485,0.3207745931930506,0.32531044638067896,0.004811494916607965,197
gini,116,34,0.5719891678311463,0.5848843828349138,0.543671864196733,0.5767090876922363,0.5506369249572705,0.5655782855024599,0.015753444786431505,161
gini,116,67,0.585055180043723,0.6211786401132878,0.5765814686904077,0.6066699293216582,0.5734379112597721,0.5925846258857698,0.018414145097732523,138
gini,116,100,0.5827453565215343,0.6217146054756275,0.5838681873294973,0.61838605475537,0.5886167159971729,0.5990661840158404,0.01727858961410003,119
gini,116,133,0.5877881367146107,0.6320921368879282,0.5797571002192822,0.621262976465979,0.5909307014596108,0.6023662103494821,0.02047037583233023,111
gini,116,167,0.58320352096609,0.6438783393580128,0.5783124733489053,0.6103190403480737,0.5936925852955591,0.6018811918633282,0.02369114114947256,112
gini,116,200,0.5940872651276952,0.6389506713463153,0.5847189851042269,0.621504407396451,0.5926712633570131,0.6063865184663404,0.02048334189478828,85
gini,116,233,0.5925149622118464,0.6359602929868693,0.5938756289853244,0.6205335286993766,0.6026831390713185,0.6091135103909471,0.01673452156837252,59
gini,116,266,0.5996175875281453,0.6442736469763262,0.5920503615073531,0.6197657966246666,0.5929382664525933,0.6097291318178168,0.019953814549136827,54
gini,116,300,0.5943196690183923,0.6369643884851566,0.5919528457371508,0.6274484866929011,0.5932880313696326,0.6087946842606466,0.019365569737425,63
gini,133,1,0.3569692351820614,0.337222491122219,0.3350305754157741,0.35318467188605035,0.31852008100915574,0.3401854109230521,0.013823279534702863,184
gini,133,34,0.5511640293577059,0.6115884107505292,0.5450729739206486,0.5863257006103714,0.5660299606514462,0.5720362150581402,0.024361055732403394,159
gini,133,67,0.5794843677938337,0.6316060948129814,0.5494988856101606,0.6099047132229111,0.5955097692135092,0.5932007661306792,0.027775228385224712,136
gini,133,100,0.579728425268007,0.6152453914026369,0.5847294667984668,0.629006650443052,0.5985395602997604,0.6014498988423846,0.01849083830534031,114
gini,133,133,0.5876733314724316,0.6402947242549267,0.5817912786075852,0.6130416345261901,0.5997814665630281,0.6045164870848323,0.020858129372291333,97
gini,133,167,0.5853719111370328,0.6376593617697366,0.5876157372380485,0.6283971914243902,0.5890459142666397,0.6056180231671695,0.02260159299853363,88
gini,133,200,0.5857671926817655,0.6422761065056093,0.5815514147089454,0.6126710874332855,0.6028014854404291,0.6050134573540069,0.02178496402974122,93
gini,133,233,0.5946443984954473,0.6380185950123323,0.5858599646043163,0.6193660998122534,0.5938788759928992,0.6063535867834496,0.019414995705138976,86
gini,133,266,0.5940770213921933,0.6394026201267131,0.5807749429266672,0.6183548236571668,0.600766934792822,0.6066752685791125,0.02035653534055928,82
gini,133,300,0.5851948138543994,0.6535966352795637,0.5875242696432125,0.6262080189339498,0.6009541757178434,0.6106955826857938,0.025935419645077125,41
gini,150,1,0.35115247449017345,0.3450623338409519,0.3295663352084488,0.32693718438651564,0.3299227550072594,0.33652821658666987,0.00970348277891918,186
gini,150,34,0.5735215840955115,0.6079827547607581,0.5522676736939857,0.5675587628685236,0.5659121769474704,0.5734485904732498,0.018615760337738374,157
gini,150,67,0.5590700054080234,0.6223654103547529,0.5712334397832678,0.6039865119664138,0.5767594202833068,0.5866829575591529,0.02311834661349433,146
gini,150,100,0.5836003668161923,0.637549210583382,0.5807573352002777,0.6135543027057424,0.5843728996500575,0.5999668229911304,0.02225799279454266,116
gini,150,133,0.5872973155623475,0.6299333813189302,0.5784721468108645,0.6065581833573802,0.5903643843355655,0.5985250822770176,0.018142722611415883,124
gini,150,167,0.592472774122281,0.6410159383936281,0.5737007083993593,0.6116774672199041,0.6007436549874239,0.6039221086245193,0.02231869464605511,102
gini,150,200,0.5872579026985143,0.6436022018676755,0.5930956531851437,0.6149416247777584,0.5969385312153155,0.6071671827488815,0.02043019948815708,78
gini,150,233,0.5952929165126255,0.6526701040553631,0.5869271969891763,0.6191908105769331,0.5998053408713149,0.6107772738010826,0.023472416256441496,40
gini,150,266,0.5877322282805666,0.643611362790248,0.5899069496169639,0.6234328653526828,0.6073707167512268,0.6104108245583376,0.021051456755097085,45
gini,150,300,0.5977602729169886,0.6406357128607966,0.589610704111283,0.6273280910149331,0.5992863671389133,0.610924229608583,0.019569644216747974,35
entropy,1,1,0.29617810928146004,0.29646101624290455,0.28895918832649337,0.2971975228606524,0.2812217694502395,0.29200352123234996,0.0061609777535132,200
entropy,1,34,0.49577771024767736,0.4758086915466688,0.4488711152366841,0.5417371966518497,0.4226665292992481,0.4769722485964256,0.040714328175796635,180
entropy,1,67,0.47908663818764996,0.5166864479118093,0.46323961093252475,0.5434210831062243,0.4631835738508263,0.4931234707978069,0.03184819892481226,175
entropy,1,100,0.5043774938369999,0.5013376518404532,0.4802455985795449,0.5377270588680754,0.4766291649017082,0.5000633936053563,0.021820609297178162,164
entropy,1,133,0.4907416773035967,0.4895996970997689,0.46149073846376404,0.5576969270993071,0.4639785801538521,0.49270152402405776,0.034747619746427795,176
entropy,1,167,0.494433290650116,0.5087440421756695,0.4617980249307619,0.5549688075849526,0.4698424406612325,0.4979573212005466,0.03309689693896032,170
entropy,1,200,0.4880777065698545,0.49818795601252003,0.4543686032008436,0.5457759125200757,0.4575577520704564,0.48879358607475004,0.03315572037802047,179
entropy,1,233,0.49811628189142154,0.5039057012014787,0.46991526428746516,0.5456466160657584,0.4858903294989677,0.5006948385890182,0.025314725261236373,163
entropy,1,266,0.4897936882553049,0.4996409000931024,0.46241940166154527,0.5621002737330528,0.46748286330775446,0.49628742541015197,0.03566929001145284,171
entropy,1,300,0.49540355220728566,0.5013462406392757,0.46183014798384764,0.5529559823922503,0.4541286596133236,0.49313291656719666,0.0350787943485468,174
entropy,17,1,0.34325307414559086,0.3552769620387854,0.35322122670169215,0.33888696161589127,0.3255132965650298,0.3432303042133979,0.010748934834024575,181
entropy,17,34,0.5669307339368612,0.6269519806071921,0.5833584666976285,0.5715177580371157,0.5700037836558611,0.5837525445869318,0.02230712134031431,148
entropy,17,67,0.5933240459460402,0.6345907389017468,0.5769675434462812,0.5990004613973425,0.5897611458074781,0.5987287870997777,0.019335640339041338,123
entropy,17,100,0.5910686320559417,0.6408904442079802,0.5847879413145196,0.6185181103714634,0.5994065274786008,0.6069343310857012,0.02042573070252982,80
entropy,17,133,0.5973283785920342,0.6397506193828602,0.5947660922924604,0.6311636590801827,0.6019442135771401,0.6129905925849355,0.01868592640101123,22
entropy,17,167,0.5948285599862908,0.6527349145606604,0.5987578131962144,0.6256701248572994,0.6009537509463202,0.614589032709357,0.02193136387767319,9
entropy,17,200,0.6026096535147782,0.6522518077965384,0.5931067283427282,0.6280662468979279,0.6044398738919928,0.616094862088793,0.0214326044634824,5
entropy,17,233,0.5952363161674299,0.655694764724914,0.588116632779164,0.6268827189077683,0.6040779175094857,0.6140016700177524,0.024596300894986507,16
entropy,17,266,0.605498503272669,0.6494363742477854,0.600285692755147,0.6337292833280782,0.597329961859077,0.6172559630925514,0.020640845930335744,2
entropy,17,300,0.6005472661696987,0.6467099892431611,0.5987209567408046,0.626607463054922,0.5992626520556696,0.6143696654528512,0.01928638324358063,12
entropy,34,1,0.3352716477435727,0.36398677277735064,0.3351141433906504,0.31908096765388294,0.3368214189604427,0.33805499010517986,0.014494055004783308,185
entropy,34,34,0.5467914015515327,0.6234620679295041,0.5343262990201896,0.6001812161659481,0.5724122269994736,0.5754346423333295,0.032980274870699974,155
entropy,34,67,0.5715733363603431,0.6430411161862112,0.5626006013458553,0.6106246748834966,0.5800187952751324,0.5935717048102077,0.029546049723542737,133
entropy,34,100,0.5751903548999854,0.6328876279440862,0.593316925589045,0.6140760642754034,0.5938238261865856,0.601858959779021,0.019802929563670017,113
entropy,34,133,0.5889303923073569,0.6369924778300852,0.5980875872255443,0.6216087438671721,0.5900174093260611,0.6071273221112439,0.019011750465391646,79
entropy,34,167,0.5962003714904314,0.6377901834262726,0.5871351130351667,0.6233268522629004,0.5958894001961009,0.6080683840821745,0.019202007267864266,70
entropy,34,200,0.5947455877121335,0.6459810296495165,0.5948450212349046,0.6221204134647421,0.6068229542474033,0.61290300126174,0.019348725699126386,23
entropy,34,233,0.5921745378544205,0.637438365668525,0.5913173492596329,0.6254002854500615,0.5928816928412569,0.6078424462147793,0.01962948033032749,71
entropy,34,266,0.6067115600827632,0.6424580745256915,0.5956261692319256,0.6268712605961059,0.5894390216100482,0.6122212172093068,0.01976700122402503,28
entropy,34,300,0.596838526189929,0.6527491975720233,0.592972597808693,0.6219478675735605,0.6074886626026288,0.614399370349367,0.02164687861569848,11
entropy,50,1,0.3355067136810239,0.35667404660762714,0.3262850230531489,0.31291420406556647,0.320081832036759,0.33029236388882505,0.015136028587109612,192
entropy,50,34,0.5678124241534042,0.614126626372053,0.5464055506368298,0.6078546524047258,0.5749706533220518,0.5822339813778129,0.025369167448624885,150
entropy,50,67,0.5856175971259859,0.6281333814681891,0.5703389040833503,0.6066589261837732,0.5759172146785125,0.5933332047079622,0.021355150786982944,135
entropy,50,100,0.5864799080211252,0.6373713599774756,0.5795897156448535,0.610191915550985,0.5801070080683132,0.5987479814525505,0.02230587213949734,122
entropy,50,133,0.5942249002176762,0.6344144785657466,0.5919566923717499,0.6135116896613181,0.5854953969254284,0.6039206315483838,0.017880130979466714,103
entropy,50,167,0.5953274916049549,0.6525270493228852,0.5843862850739926,0.6257741758087538,0.6128084281561683,0.6141646859933511,0.023874185485843566,15
entropy,50,200,0.5907702523204649,0.6492702263478671,0.5902695540430887,0.6302643050335864,0.5978394918546145,0.6116827659199243,0.023856176902562712,31
entropy,50,233,0.591079916318275,0.6413473607797378,0.5842828746164435,0.6299127147021021,0.6018338932177972,0.6096913519268711,0.022202352672599845,55
entropy,50,266,0.6030373889441957,0.6505025460159914,0.5932320982765298,0.6215785557721999,0.6038882139067475,0.6144477605831329,0.020211881291434176,10
entropy,50,300,0.5912179034093565,0.6456378407306205,0.5972402688111376,0.6136522599787665,0.6022874478875142,0.6100071441634791,0.019279293514744313,50
entropy,67,1,0.3343607292767806,0.3467054263565892,0.3281227738657354,0.33340606660297534,0.3384658754521792,0.33621217431085193,0.006195611286606547,187
entropy,67,34,0.5770079112771309,0.6123195148564837,0.5566609851608926,0.5949909117545228,0.5524056170360798,0.5786769880170219,0.022696426379498293,152
entropy,67,67,0.5919583994821849,0.6245313823609094,0.5792314060184781,0.6110909937845422,0.5776503501086905,0.596892506350961,0.018286743640644986,127
entropy,67,100,0.5874307689901499,0.6436287911238235,0.579126287050258,0.5964435394458925,0.5773130722322952,0.5967884917684838,0.024384195918741806,129
entropy,67,133,0.603613822968507,0.6336564424991167,0.5851476834676698,0.6297208507297348,0.6009039926771944,0.6106085584684445,0.018373055007200927,42
entropy,67,167,0.5847167457755988,0.6427573396985735,0.585403243730473,0.612505424404092,0.5940177482131885,0.6038801003643851,0.021871124036764177,104
entropy,67,200,0.5995880260899444,0.6510415259999317,0.5879622017322641,0.6218393790718225,0.5993707003221177,0.6119603666432161,0.022416147444043712,29
entropy,67,233,0.5928509820550218,0.648306992524081,0.5890075155935393,0.6237412051314778,0.6029072407872382,0.6113627872182716,0.02205466345686019,33
entropy,67,266,0.584687999348228,0.6526402818167744,0.5890469331625559,0.6250206527919877,0.5903346396152296,0.6083461013469551,0.026444627151431997,68
entropy,67,300,0.602238537105737,0.6438243473783182,0.5961303390030799,0.6244197114390738,0.6031686740209508,0.6139563217894319,0.01773711904514466,18
entropy,83,1,0.3411885689822415,0.3359938440492476,0.32290040734973663,0.3293596337559275,0.335052122584129,0.3328989153442564,0.006251878418883997,190
entropy,83,34,0.5588541196008786,0.6142739916555826,0.5501969123459304,0.5858728830736247,0.563449093367118,0.5745294000086268,0.02310352674470214,156
entropy,83,67,0.5855517305204363,0.6415179428234346,0.5546991552747987,0.6056238775754748,0.586698460318388,0.5948182333025065,0.028491977911019196,132
entropy,83,100,0.5785651366433051,0.6318741277611092,0.5799273829135053,0.6200744162508253,0.5910961871797482,0.6003074501496986,0.021726070914592263,115
entropy,83,133,0.5929655900439605,0.6394038047862469,0.5817492501053563,0.6210578712949419,0.5853175190765203,0.6040988070614052,0.02240643086120001,99
entropy,83,167,0.5960649574739203,0.6385053136068811,0.5809407171875248,0.6179917852898281,0.6043861279804053,0.607577780307712,0.019581770510289757,75
entropy,83,200,0.5890192339730209,0.6483514026555227,0.5867042929095043,0.6283052381679358,0.6003640744403718,0.610548848429271,0.024000580119468068,43
entropy,83,233,0.5949856803583066,0.6434921084354912,0.5949226862820847,0.6315431925600772,0.5985122226799837,0.6126911780631887,0.020660796147786688,25
entropy,83,266,0.6010776901210233,0.6509222231207117,0.595278036517521,0.6342811264791995,0.6031055121218964,0.6169329176720704,0.02176121548286728,3
entropy,83,300,0.5951678807841849,0.6502260224613003,0.5848066812786836,0.625351026386866,0.5967194554586257,0.6104542132739321,0.024015925040013028,44
entropy,100,1,0.3290887246980364,0.35961597507219945,0.3334089732687544,0.3461091195049162,0.33537088335986454,0.34071873518075424,0.01098591098465159,183
entropy,100,34,0.573456442880226,0.6128966398989394,0.5890093511508921,0.6000847696636894,0.5594798013063048,0.5869854009800104,0.01890329525344646,144
entropy,100,67,0.5886156500346033,0.6151029118712255,0.5724752043249932,0.6056458001876373,0.5800280379300057,0.592373520869693,0.01584458366215078,139
entropy,100,100,0.5852288359051472,0.6415663617760436,0.5822653905024034,0.6228546851080969,0.5829102343740102,0.6029651015331403,0.024620737921835844,107
entropy,100,133,0.5916854024389744,0.6500691445267445,0.5787604116223332,0.6163721801691692,0.5903494749698066,0.6054473227454056,0.02545578980146411,90
entropy,100,167,0.5983532142864005,0.6445044837111483,0.5994294415235524,0.6243933647216817,0.6079076485837466,0.6149176305653059,0.017484708466037967,7
entropy,100,200,0.5915088830007973,0.6506148277097293,0.5945805478287187,0.6122749856086883,0.5964050578883398,0.6090768604072547,0.021977180074032675,60
entropy,100,233,0.5944854625824545,0.6366329920332767,0.5997969088313864,0.6191590046005228,0.5941336143455336,0.6088415964786348,0.016631537936926583,62
entropy,100,266,0.5994542290484394,0.6439172949424539,0.5867239917833516,0.6278085398617829,0.5964976499799282,0.6108803411231911,0.021442720374453463,36
entropy,100,300,0.5991537008233896,0.641283203887639,0.5960128744768,0.6237565065339694,0.6026685610789102,0.6125749693601416,0.01733066567879238,26
entropy,116,1,0.33102066661286944,0.3560206786202853,0.3248032627097558,0.3267287423821196,0.3342260846419072,0.33455988699338746,0.011222491929151899,188
entropy,116,34,0.5757718717264442,0.613584284600449,0.5622228706955096,0.5830317478316015,0.5794480083520347,0.5828117566412079,0.01692202044542633,149
entropy,116,67,0.5854282731694461,0.6295118137437924,0.5740373407225338,0.5959629270978651,0.5718077374279399,0.5913496184323155,0.020948976921304926,141
entropy,116,100,0.5946432622197291,0.6324470593674675,0.5754134144530454,0.6248241944004782,0.5902985621863261,0.6035252985254093,0.02160660253218589,105
entropy,116,133,0.5844633977972035,0.6414656274561554,0.5880574876506326,0.6161817748606678,0.6027231003102285,0.6065782776149776,0.020766821136600278,83
entropy,116,167,0.5945211560453758,0.6462520873672658,0.5869037740976756,0.6217785377635623,0.5928512063645894,0.6084613523276938,0.022397419455315714,66
entropy,116,200,0.587169188111166,0.6461878147081688,0.592401304786901,0.6251868256613993,0.6031319842712528,0.6108154235077776,0.02197727332630008,38
entropy,116,233,0.6042119830648579,0.646975826971383,0.5923313379346193,0.6236469300284555,0.6028363907269774,0.6140004937452587,0.019341307015962483,17
entropy,116,266,0.5953625164421583,0.6460387410595665,0.5886038072515513,0.6278969740576967,0.5964052321345489,0.6108614541891043,0.022236243942406662,37
entropy,116,300,0.5952602417725266,0.6418820176294144,0.5984378584163239,0.6350154778998875,0.6065384060618009,0.6154268003559906,0.019276475794924097,6
entropy,133,1,0.33288799895498666,0.33301053934603864,0.3117764953563825,0.3195882585958383,0.35155716357717703,0.3297640911660846,0.013581880593531262,193
entropy,133,34,0.5634538309378225,0.5926142876587744,0.5654280744179091,0.5958648045621515,0.5694699448395363,0.5773661884832387,0.01395081538040709,153
entropy,133,67,0.5803983211125034,0.6283376864194069,0.5799190832138168,0.6041325248120628,0.5899304038741633,0.5965436038863906,0.018161688593166067,130
entropy,133,100,0.5795322436233233,0.6386907415518339,0.5778321911646197,0.6063298558455666,0.596785538837241,0.5998341142045168,0.022170144458684007,117
entropy,133,133,0.5908568768493027,0.6385468336213272,0.5831318311975352,0.6363274147755983,0.5967493646132609,0.6091224642114048,0.02352930568538568,58
entropy,133,167,0.5997064016630603,0.6408819183449159,0.5884846770792028,0.6157573020311302,0.5920408949884761,0.6073742388213571,0.019202932267894605,77
entropy,133,200,0.6006975591429351,0.6519289548230952,0.5908465369371336,0.6254584759874883,0.6023524109203431,0.614256787562199,0.021992165434970304,13
entropy,133,233,0.5985682263663983,0.6366454852902419,0.5920095393546918,0.6241750004858008,0.5999429471419998,0.6102682397278265,0.017123312747222317,48
entropy,133,266,0.604577178972556,0.6468309288108751,0.5915474848158487,0.6115592864293887,0.6028319794167443,0.6114693716890826,0.018811891181038865,32
entropy,133,300,0.5983459969763212,0.6376647508646753,0.5921113072866664,0.632041974120972,0.6024340556892871,0.6125196169875844,0.018614560652963755,27
entropy,150,1,0.3289633243672825,0.3392053244368747,0.32292242039422175,0.3338020146186858,0.3446238213537711,0.33390338103416717,0.007589919315644318,189
entropy,150,34,0.5745414210512682,0.6130016758832731,0.5551115060387881,0.606073707024954,0.5799607728475438,0.5857378165691655,0.021230029998976024,147
entropy,150,67,0.5922634232894018,0.630030481007307,0.5673343292471015,0.6196878869324982,0.5749130450836527,0.5968458331119922,0.024478377436099055,128
entropy,150,100,0.5886569922280974,0.6357763033341757,0.5927705332979251,0.6267111905368127,0.593293509552849,0.607441705789972,0.019710112546903073,76
entropy,150,133,0.584896240272558,0.6383541321491519,0.5908119135196613,0.6264736640710007,0.5976411402031014,0.6076354180430947,0.020969048664212817,72
entropy,150,167,0.6001804533236081,0.6360634575012114,0.584938472160955,0.6347199676819538,0.5891304418858166,0.609006558510709,0.022115551630422493,61
entropy,150,200,0.5925400475182017,0.6433731393278199,0.5917225871398013,0.6341502997265961,0.60627514471676,0.6136122436858358,0.021375454108201294,20
entropy,150,233,0.5940361545227978,0.6466207807088524,0.5896344660006566,0.6232622572128539,0.6031623655744756,0.6113432048039273,0.021091707528859794,34
entropy,150,266,0.5987425691512176,0.6429610766790921,0.5906585848664033,0.6268186850538318,0.5997298854338731,0.6117821602368835,0.019797553430269812,30
entropy,150,300,0.6055980705640744,0.6446541171184108,0.5996493836365122,0.6347730777709983,0.5999804758255828,0.6169310249831158,0.018980625835131434,4
