INDEX,RF_Probas
3,0.13491950468100475
9,0.4290789402018562
10,0.11335403726708074
18,0.14935752694429572
21,0.23154806205221995
30,0.2525530551934548
31,0.22689280922148727
37,0.4341575532861209
39,0.10641783029001074
47,0.22440992083252498
60,0.0569672019635298
62,0.40178690479745044
63,0.5885110867241113
64,0.22683801772382164
68,0.07300233762540191
75,0.6156222688592221
76,0.5204133080921827
83,0.2766095005003194
87,0.6447025246032945
92,0.37924907830521154
98,0.3530374593650253
106,0.3497314570795872
107,0.15476641197550706
113,0.26543450586787226
120,0.310315914506688
123,0.4354576160217958
125,0.4467512132010122
126,0.35285411805375516
128,0.0550125860955963
129,0.13688508258193116
131,0.05629344640119558
135,0.5375619557926559
141,0.022487430363704375
147,0.02542479576746321
148,0.15575462810932722
151,0.15981778428052296
156,0.21827392938950854
157,0.21580465541031119
174,0.11683970865783895
186,0.47735130575387646
193,0.43790816289311085
195,0.3545037392526482
212,0.034264578795315935
213,0.4907131432055812
217,0.02068339743357501
223,0.06381032297986587
226,0.16704037750505232
228,0.6637761066885348
230,0.021093872868272755
241,0.5527409555878963
243,0.10297941585018061
249,0.27961663563621486
281,0.6464403697559129
288,0.06598531853792569
294,0.43590526257991813
295,0.14675689133198405
300,0.3240330158151132
302,0.32767634197410556
303,0.09991348082272238
308,0.4979988840321987
319,0.04886189561341912
320,0.018196116722799485
324,0.3414542368730934
331,0.1691668132925691
343,0.07090839432641388
347,0.3770209317516231
348,0.8039853084082609
350,0.7073149128733643
357,0.2390092399294412
358,0.05219378574641732
360,0.04145062071195011
366,0.31204411656513653
367,0.48056511247940414
368,0.31037050507511144
376,0.4553147630320244
380,0.28756923528609024
388,0.3790670700952076
396,0.242817770987829
398,0.18643541629458862
403,0.020633230045118547
410,0.5368575599742765
412,0.3723104335736124
420,0.510563293223181
434,0.03669657052845038
440,0.403665332599058
450,0.4987013499152879
453,0.25018961641804577
464,0.3147079677218831
465,0.09548619523489288
466,0.6421945240084338
473,0.1817754521437865
476,0.25233388863916834
478,0.10750074898027386
479,0.22938629976308392
493,0.05552600303292824
497,0.3209182509052861
503,0.01221669379682916
504,0.3325141007732789
505,0.32114908382794327
507,0.3102371370107242
513,0.38347231722608693
519,0.39186263741271854
521,0.4875282598187318
522,0.39581518921471626
545,0.18484570430306435
549,0.20308144857554206
551,0.13820265199913992
556,0.08094596948940079
557,0.44458646633042576
559,0.3271097109733348
560,0.5529555683247567
566,0.11470615971621394
569,0.23217953778093978
573,0.33992829459183893
578,0.5716343669953182
579,0.03751265768968633
582,0.28784494728331717
596,0.5955145852567396
598,0.5296347527205885
599,0.11387974696296496
602,0.1547581348035287
605,0.6248379455392677
617,0.5152703371283879
619,0.43121536569247304
630,0.22284407650707388
634,0.4799997828043195
643,0.45160722670549863
645,0.26960533428949
647,0.23615616443874646
649,0.08511830522982253
656,0.08978968030555462
657,0.34092748757121
658,0.2390176802976502
667,0.024899311925387753
692,0.17529663145072844
693,0.35245712101968363
698,0.8058671590469324
699,0.5211480821937885
700,0.08775349923945279
704,0.05952373915550389
707,0.06361339023254538
708,0.7213227929043077
709,0.14710572291164853
713,0.1018700577648954
714,0.07201491750232673
716,0.5345117550527119
718,0.10630138934671071
722,0.10932355874258108
729,0.23270133821977904
731,0.06796710879898253
733,0.5912861279056809
746,0.43698737200681054
747,0.6698564593301436
748,0.4199061770604653
753,0.2403103761467042
757,0.38173337297857546
763,0.2605221297834904
767,0.28568859288914356
774,0.6096285380089538
776,0.4653496769415145
788,0.30718114519180295
794,0.4275919905272502
799,0.14842968295238643
803,0.2769560622677076
806,0.30334765485141424
807,0.3227117809108215
811,0.1492023522417905
816,0.2833719113597721
818,0.29346707565532
819,0.20404733772972797
831,0.17886925909963194
835,0.3469366268076406
837,0.2146912233401858
841,0.6586457082380995
846,0.3282036740583842
856,0.41990555392811024
861,0.45567014463516664
862,0.5049295631845562
863,0.5759539714917995
865,0.34272021152449467
871,0.4555581845365329
879,0.3283220782144068
880,0.10196374949028589
881,0.28681566669390446
885,0.2885864972459273
887,0.23527498084966084
892,0.05482498554494081
898,0.03732118763075137
900,0.2721180164210006
904,0.45569973143968473
906,0.5370565343837866
910,0.4339421668082986
912,0.3729985830258046
913,0.33109417284820764
919,0.14653537314060394
924,0.572788842778311
925,0.5678058629184655
930,0.11413497385169788
940,0.16475795428977
941,0.24796770676960642
946,0.3490860789802119
949,0.5217097738161391
951,0.11184993919370652
962,0.15132716563499402
966,0.07348404862687404
967,0.021402338859783127
971,0.7006965891087962
981,0.16599381425492804
982,0.11303236790694933
983,0.013933477404245978
984,0.021280763027500538
989,0.3672378290944136
990,0.45642934338639485
992,0.41284813730210956
995,0.11052631578947368
996,0.3040164176074288
998,0.4820410738352984
1001,0.17882137959453892
1007,0.032308867093523465
1008,0.19558731074665622
1016,0.044480152115381304
1022,0.07585858109178664
1027,0.24358451763510508
1032,0.18507207822608004
1033,0.3252462867124521
1041,0.3733542205532334
1065,0.5181169808759374
1074,0.4384670192795855
1075,0.22674625120865421
1081,0.2581294316450467
1094,0.13388290854838839
1099,0.19828588595237373
1105,0.3274850743963144
1123,0.2621142537000422
1135,0.15247218009209612
1142,0.36586911175082837
1155,0.05397317359191736
1169,0.02515844909221159
1176,0.0259154780780851
1178,0.381115990883781
1180,0.05781855431201921
1184,0.07530623632593758
1185,0.4792998289467589
1193,0.1946315901228466
1196,0.28014762049228364
1199,0.3048139812902185
1203,0.29509592802369017
1205,0.1718939755672401
1207,0.0608452101317634
1208,0.48196507217956475
1212,0.5392709629115522
1213,0.5716913167787478
1222,0.16790390615397013
1223,0.24934869044031058
1226,0.41933702563884273
1227,0.28256051735964605
1229,0.12039912728715182
1230,0.20061574718848077
1231,0.49717686043031817
1241,0.11725739825107907
1243,0.017971955933992482
1244,0.268196199515684
1246,0.2273977906386807
1248,0.3182641510991999
1249,0.06256038841872405
1252,0.08984516290346276
1261,0.23351306335675248
1275,0.11065289573350183
1281,0.6863769658274301
1285,0.5959354053824022
1288,0.5209805966594523
1290,0.0578217034288779
1291,0.23275635742533582
1304,0.6770015584324424
1305,0.07910066592451712
1323,0.15065333338114245
1342,0.5145542427497315
1348,0.35460983124769063
1353,0.3933771552791452
1363,0.16710556473217233
1371,0.3752403549852777
1372,0.24208126931021454
1378,0.2875705005582208
1381,0.274529343044872
1382,0.49196571309331316
1393,0.5261304315224975
1394,0.013331532847859736
1398,0.5470499424560801
1404,0.35570706432223265
1405,0.42027421843490886
1419,0.33277121584974606
1421,0.2099495848287235
1426,0.31287375273996243
1431,0.4109019535860659
1435,0.17293233082706766
1437,0.21654185607624904
1438,0.32563076947230674
1442,0.5454225027519208
1464,0.09432027117603381
1471,0.43373015873015874
1473,0.3146863823496336
1476,0.039559869897212906
1478,0.2809402412806988
1479,0.42105263157894735
1487,0.42417774160464616
1492,0.7429566957057021
1496,0.09816648226721886
1497,0.42205575884538954
1515,0.06102781144573639
1519,0.19527419857674871
1522,0.5679355564780304
1526,0.3395907030658151
1537,0.04776601998576555
1538,0.675930632091837
1540,0.19214947144862307
1543,0.31238480030086074
1548,0.284566348163688
1549,0.2628356106016352
1556,0.5525471075222239
1564,0.008393035363865963
1570,0.33785178271565397
1577,0.535935186260805
1585,0.11511566814419841
1590,0.14157657314596353
1592,0.35958605012567835
1594,0.214600945055445
1596,0.45871233233367636
1598,0.43919447598081535
1603,0.3326292278580959
1607,0.38709320650110124
1612,0.04192452346427549
1627,0.01587091759456634
1629,0.655974408625643
1630,0.11699084525101028
1640,0.340873689600345
1641,0.40023420181259317
1646,0.1986325116913385
1662,0.3127267682563744
1668,0.06919549789796506
1671,0.057597903331061635
1672,0.5029652127194286
1673,0.7599406353813165
1686,0.30383066956795135
1688,0.7212857075247667
1696,0.03363720097720974
1701,0.05469029717150019
1707,0.18925088140430602
1708,0.13834021816589268
1713,0.41828646230408173
1715,0.32561713376522133
1717,0.06285310046631509
1721,0.13521899988065403
1724,0.6714681621636509
1725,0.5622551385076571
1730,0.3706620835068246
1731,0.48900168628342444
1734,0.4153150043802365
1740,0.07109948571596461
1748,0.03683032481185198
1749,0.04935837131000852
1750,0.4760733046959044
1763,0.19869807735045547
1768,0.02898246311679616
1773,0.5446532970428467
1777,0.06766702405004293
1778,0.5364626790419652
1780,0.15194358947219255
1782,0.340641303021568
1784,0.027416493063846525
1786,0.10271025840237938
1787,0.12209772652656656
1792,0.20969828507663718
1800,0.43427638792164597
1801,0.3062434612063152
1803,0.1168303095457245
1804,0.41794458894720904
1807,0.03452143166284314
1818,0.2688548072473782
1821,0.0646202559971357
1822,0.06472385002682839
1828,0.04253088710108509
1833,0.5311688909562876
1844,0.24882277160945676
1847,0.47585797886048886
1850,0.06773000498939187
1854,0.46371707367053955
1858,0.406096832538006
1864,0.2390708551064742
1867,0.18339460139661523
1876,0.7177839511145244
1880,0.18485107508014556
1881,0.17936515158037308
1891,0.334561894719842
1894,0.2643099795059656
1895,0.016806837151336507
1901,0.3377050172279506
1905,0.02577208336401493
1912,0.4590168275521357
1918,0.3546590032642017
1921,0.26687103952636204
1923,0.30487891996947086
1924,0.265307300464326
1931,0.11397307374927085
1941,0.03319067481169888
1950,0.022048236872077576
1951,0.12818806834112106
1954,0.05468214014280218
1961,0.2042637718491564
1966,0.023639747945761316
1979,0.09964439003062454
1982,0.09717337996713182
1987,0.5464341480077527
1997,0.2130923610957023
2004,0.030255378466651425
2011,0.5555790277063956
2015,0.5440045338530614
2025,0.05831996086665017
2033,0.37970462482276673
2034,0.015534908228598977
2035,0.1996426205245953
2036,0.5803471142797318
2053,0.42592945967625057
2059,0.6284421334502733
2060,0.08545347963746903
2073,0.3912623817298052
2084,0.38268502709675445
2089,0.06298576965928575
2092,0.2679414517122687
2109,0.2760925654557917
2129,0.5158508720947426
2134,0.3379481999254552
2135,0.023671113086478034
2148,0.021613973947638296
2149,0.03780383681327024
2150,0.32919029290305973
2165,0.6404511854548993
2166,0.03896843032385315
2168,0.05685928122880228
2170,0.19637002514045152
2171,0.16578080258450367
2172,0.016910821877451847
2176,0.2100481972162197
2182,0.08232957932887462
2189,0.18950501253132832
2191,0.13512019316972876
2197,0.12299921372180053
2202,0.17357118285910855
2203,0.1273962387787607
2204,0.463851304445923
2206,0.706967264359386
2218,0.14896551316230072
2219,0.4664992375802912
2221,0.33099969049746153
2226,0.14577423458969582
2228,0.2652031073919118
2232,0.3376864270644899
2236,0.21483327575382577
2241,0.7158749988042331
2245,0.036804054425386985
2251,0.4276428378059716
2255,0.03536002449050226
2256,0.020099492441060646
2259,0.03940406571985519
2263,0.5236423913952898
2264,0.0992147423705212
2267,0.07634104212331091
2273,0.6188796004346688
2277,0.5139645177285792
2287,0.13747188536249774
2289,0.22144155544960037
2291,0.23425992070851911
2296,0.7260258191635109
2299,0.16018021243585154
2306,0.039052273704595165
2314,0.19234396679705315
2317,0.2022004442900606
2318,0.4728289448004064
2321,0.809666054905993
2324,0.22615282491803104
2340,0.21327588431601796
2343,0.05379964401970936
2349,0.20834361011447225
2352,0.11363389432657048
2353,0.2893451213514616
2365,0.6055196522396372
2370,0.554917478441866
2378,0.2861332893247899
2390,0.33164445873736703
2399,0.1576345584905968
2402,0.6505384906501713
2403,0.47158499314943236
2404,0.14775458146033532
2414,0.24772680630110705
2422,0.22109848695578838
2424,0.12302728116702281
2430,0.35095963807416963
2435,0.3559846535356622
2439,0.06821039300283262
2442,0.35322268525815864
2445,0.478033612335264
2449,0.2689231428750802
2451,0.3719674303902966
2461,0.7155806182121971
2464,0.2737568891710007
2465,0.49900226631830363
2472,0.13359080725790792
2476,0.5031068461547835
2482,0.16644523963685448
2487,0.2371235971702656
2498,0.14598388470320953
2501,0.0174229166328213
2504,0.35507902425761995
2511,0.3496231315786012
2518,0.04573322780464879
2521,0.1368342091174101
2530,0.09279269550176694
2543,0.3890213977942306
2545,0.36567633659046406
2561,0.41260179967080357
2566,0.4020778489016786
2572,0.20722814272710158
2577,0.16838108269481497
2578,0.10571732593583281
2580,0.2539226987812833
2581,0.19796181307541447
2582,0.09184474495577662
2584,0.023909640492659506
2590,0.039167266622223834
2598,0.02329049642185423
2602,0.2597565305732418
2605,0.2460266472809024
2616,0.19098098408663589
2618,0.29501158407473643
2619,0.32813479692262015
2624,0.022140417336958196
2632,0.060930566556326185
2640,0.27634427474760753
2646,0.03101817727306773
2651,0.08962839373135983
2660,0.017321673055314967
2661,0.03541657243507045
2668,0.058601541478465524
2670,0.33303277184144636
2680,0.5608556545162192
2681,0.1059114837194179
2689,0.6126983836054614
2694,0.0654393161145197
2695,0.7394147680510245
2696,0.4224310638600036
2702,0.3122452825876344
2704,0.23977000772608212
2708,0.023566437932424075
2709,0.03541510706623564
2714,0.45447114972889896
2716,0.15792193931873252
2723,0.03361912127589866
2725,0.42663714650214885
2738,0.05985270076821982
2750,0.29173536802925093
2756,0.4203874803557684
2758,0.09923046575528204
2766,0.4301755277448943
2767,0.30329666886640455
2771,0.3656649657437505
2775,0.3573549729833621
2776,0.1525632904563084
2779,0.7114511249201767
2780,0.27197093921285026
2781,0.28896043444431446
2782,0.5286042394190514
2783,0.2984408425166569
2796,0.38234880877177335
2798,0.3503796662463939
2800,0.13792334975320808
2803,0.05357962791742288
2806,0.008413022032719226
2813,0.09827867277527229
2818,0.21370866567619634
2821,0.5595119682335001
2825,0.2618220748550452
2829,0.1701897798377008
2830,0.7198730596071666
2833,0.0999200733390779
2839,0.6377874032908358
2843,0.10542029057813146
2846,0.08954338645034378
2847,0.1592539068395494
2848,0.15601503759398497
2856,0.7373991958493684
2863,0.23790726817042607
2867,0.24807925195486136
2869,0.1900197142320755
2873,0.0010330256834816319
2874,0.5383261178602113
2875,0.39625256852787405
2880,0.5903907913567024
2886,0.5003089720529381
2887,0.4181434996695205
2888,0.23886480541296637
2889,0.5352325554103378
2890,0.468791537580279
2892,0.17227583558549603
2901,0.3776263867446808
2902,0.13467546034438402
2905,0.2373084496165955
2917,0.5042620696099458
2922,0.5971095582937689
2924,0.0932252412035461
2930,0.2680151591340339
2931,0.0731915289413745
2946,0.1810610903042058
2955,0.4224714030928828
2962,0.016545000947929423
2964,0.06096206425153795
2965,0.5280818134595893
2967,0.09707509284049244
2970,0.10876551561162573
2973,0.5392760501588929
2974,0.22050229100315363
2976,0.7802026319747033
2977,0.27440938517338775
2978,0.27457070468837164
2986,0.10057256126589537
2988,0.29051392408838755
2989,0.1834793988805231
2995,0.7579749552618472
3005,0.6614432183503581
3011,0.1396788239236137
3013,0.07231716935327949
3019,0.5119437762086662
3021,0.11622801273619496
3022,0.4704243882500257
3029,0.03999675935515149
3037,0.19906982983045837
3042,0.32147750524574936
3043,0.13318848473211928
3049,0.10619150976912274
3050,0.5292274548891078
3053,0.19177757705432374
3058,0.40232454602471013
3062,0.35647604738361366
3063,0.34889991084152955
3065,0.08317866121297099
3080,0.049273310857654934
3088,0.244306989675959
3093,0.5577873254564983
3096,0.3390918568460041
3101,0.2277061471195499
3103,0.40925886917151844
3107,0.20592604653439414
3109,0.07285195570441763
3111,0.2012189872482663
3113,0.6065408800302577
3116,0.020188853052600746
3132,0.2995028945657061
3141,0.10351145509564555
3153,0.29376127103819616
3154,0.10182314168278028
3160,0.18829546935510436
3167,0.07498982964658023
3170,0.31166073548748047
3173,0.4256435022607962
3174,0.35992551150572993
3177,0.17425968373045964
3179,0.3573838705010308
3184,0.39861714079419425
3190,0.29353167843441036
3193,0.1272722532288963
3199,0.42846183929922044
3201,0.09458914315966759
3202,0.19800676562644623
3203,0.5444997375813335
3206,0.6208983083714377
3209,0.023922973088171796
3210,0.36534554071551895
3217,0.23216638289387834
3220,0.15789473684210525
3228,0.38095504260028024
3232,0.03552235703429036
3239,0.23025911763724852
3243,0.38041846082131514
3245,0.04086883662502234
3246,0.5082549021847095
3251,0.022037216018804706
3253,0.434512942576029
3257,0.03925443321728151
3260,0.02656068048719583
3261,0.219570073604357
3263,0.2540240378842728
3278,0.11946244680004152
3281,0.343168028708135
3283,0.15729021791118034
3290,0.06661461356531236
3297,0.47773974359127
3304,0.02157315539986367
3305,0.4173023203120463
3307,0.09336493560669883
3308,0.29212358072958605
3313,0.28296913353910025
3314,0.29009796432217605
3317,0.20555749847585617
3348,0.09763148020715591
3350,0.2606569902866179
3359,0.15771768639115377
3367,0.058003033598862795
3376,0.19914798626412383
3378,0.21396833458593928
3384,0.4741802071305425
3386,0.16604010025062657
3387,0.07062732318164423
3388,0.34071997567231554
3390,0.04851967704357325
3391,0.35273693137303114
3396,0.4222776762393468
3398,0.05245633585765689
3404,0.021525796458193136
3406,0.061008543497667676
3407,0.07387487334038464
3414,0.10441583440543385
3419,0.17200600548079775
3423,0.6834418012465049
3427,0.18305209533962324
3432,0.07513051250763622
3434,0.12578031239549034
3438,0.027345549503210657
3442,0.1897137427507405
3443,0.05203881560702347
3448,0.1267658632569223
3456,0.061255856026380485
3464,0.16606026101441257
3470,0.6430615665721283
3475,0.32140174429837326
3477,0.3874842135434403
3490,0.10826613816114924
3493,0.2675555433685566
3502,0.42007435605184723
3508,0.2661608879726592
3516,0.14606355848573419
3517,0.34423506811248544
3525,0.18301898414641415
3532,0.6466048534079535
3535,0.34602189898364555
3536,0.4678163886099667
3540,0.23614805367966768
3547,0.42213239908306505
3550,0.4470843145389977
3557,0.6298365199687528
3562,0.2145294438996098
3563,0.07921877247009022
3564,0.2911940229891841
3570,0.17891419014011298
3573,0.4571317753934298
3577,0.43846255367617404
3579,0.47088840521575737
3581,0.13690058479532163
3587,0.10091000251805707
3602,0.3497407151288715
3609,0.20241978232489888
3612,0.2511534092549556
3621,0.3474919608493501
3642,0.18916965787521958
3647,0.3425849252255242
3649,0.43184728107461806
3654,0.45943305005526314
3660,0.45685865157798666
3665,0.5354556888398534
3669,0.1844992627505493
3673,0.18313320757308163
3675,0.3418018895308008
3678,0.1748374990895496
3680,0.355002345024282
3686,0.523309201179974
3693,0.21196714609809914
3710,0.6951897840091743
3713,0.04395587336961721
3718,0.33889835388960277
3725,0.07734557593238933
3726,0.25293549328848675
3747,0.21781477997130885
3753,0.041460045109589214
3754,0.3896074583673506
3760,0.6180443515635549
3763,0.1403108679746586
3765,0.5378711605050777
3769,0.20413331740027993
3771,0.39727977880476506
3784,0.08621644847600936
3787,0.23821796834820846
3794,0.23834586466165417
3796,0.026950142938061653
3798,0.09631738566808867
3809,0.2211195408157324
3812,0.39405492113743
3819,0.11579427847792312
3828,0.3974870810532452
3831,0.20640277741081908
3833,0.07930741341498876
3837,0.6220149044320837
3839,0.3987905009202322
3843,0.4664108318809409
3846,0.13092418826302066
3854,0.05868981739867262
3861,0.0221833756899214
3864,0.30398238380001164
3868,0.06892129625771337
3869,0.06064073226544622
3870,0.12910412157010737
3883,0.18624247925133255
3886,0.027607518839929325
3889,0.2348023579263426
3894,0.30057024584262443
3907,0.06674174202809642
3910,0.15223545719018405
3913,0.11453985449695325
3914,0.45640815911223304
3921,0.43560964525167745
3923,0.05165311887453403
3929,0.3907424754072263
3931,0.36397737938048175
3932,0.3431610049397876
3937,0.48834216056051216
3943,0.27081851691023023
3956,0.44472117794486216
3957,0.5636271808896336
3961,0.639706208296742
3971,0.1587560859098648
4004,0.18792414407795383
4005,0.03729033701600562
4006,0.10563939970407947
4011,0.09068679007729488
4013,0.14350852942172426
4014,0.10376774258332408
4016,0.22433866539616523
4017,0.05011626028745212
4020,0.07718273960724349
4022,0.16987980435347397
4026,0.32844146280406594
4032,0.09252349694383585
4043,0.23466784871185872
4045,0.19059843198980936
4048,0.1501862111488783
4051,0.3423270962147012
4052,0.41458510108471874
4056,0.04220037059815438
4059,0.02666508485696602
4069,0.07080477123017684
4074,0.41237729645567633
4076,0.19066922540535197
4077,0.5708957362822245
4079,0.7365168622839352
4081,0.43615032695408806
4088,0.08542418285356126
4105,0.15859769219717104
4125,0.056862583502635955
4134,0.5314173518290414
4139,0.023150012861667027
4146,0.0905204186937933
4149,0.14087426473742962
4151,0.6354133018710215
4155,0.17166174904528952
4157,0.10138275138756937
4168,0.5662985368430247
4170,0.259158404671081
4174,0.10554074414346622
4179,0.24300310495513258
4185,0.01943740953784301
4199,0.4801279855396692
4205,0.04060212534257053
4208,0.019165654034075087
4211,0.4811252659579346
4212,0.03657295240377395
4215,0.5691563703320768
4217,0.13055986907240613
4219,0.7986073822973786
4226,0.5279501615065589
4227,0.3731784755638306
4229,0.21359417313752158
4231,0.2547398766458499
4233,0.01874419808409194
4237,0.2987780981959922
4243,0.3877790886969843
4248,0.12459720730397421
4255,0.16423597749909066
4262,0.03007518796992481
4266,0.4189753583864814
4268,0.39129622827271066
4270,0.524931854306001
4273,0.05776715859779453
4276,0.08910259978399662
4277,0.08716310725720001
4279,0.2593312901012517
4299,0.13197248068474055
4313,0.048802193670712264
4322,0.11574748172015924
4324,0.0623804401235605
4328,0.4071628101090563
4331,0.4438066063442825
4335,0.27103945278442987
4337,0.44996315839045925
4338,0.26146395197800487
4343,0.024261593627700473
4347,0.06916974906383389
4355,0.5873478692571832
4357,0.032704678069886674
4359,0.09706258232330174
4362,0.3838993705302279
4368,0.3571026884394768
4374,0.03755452165228778
4375,0.3069358943243426
4378,0.4956721496491808
4381,0.5065613925883587
4387,0.28174729468539006
4400,0.039575705532227966
4423,0.24068361363921476
4424,0.03360222345184751
4428,0.4758345554070713
4433,0.6297113288518309
4436,0.35415453645223616
4437,0.40741861800484674
4439,0.3901259396443331
4449,0.30156212771910434
4456,0.03801097812555777
4463,0.12246767178144524
4467,0.0298575377074951
4468,0.06687537977630881
4469,0.04157632999538207
4472,0.14729332547522417
4473,0.06279635287160518
4476,0.7259812665308503
4500,0.027646932011035297
4509,0.3071392711898353
4513,0.6788959769224455
4521,0.19781553852173442
4527,0.6344222084032134
4530,0.2762230591567311
4532,0.5305168173562486
4533,0.12281104145336634
4535,0.20424373833568366
4536,0.5558269502108488
4542,0.3930287852871097
4551,0.7162801278126822
4554,0.09304532478760115
4555,0.5172984007415763
4564,0.20893742027710427
4572,0.5206592138407266
4573,0.12458784107893832
4577,0.21092800373227263
4579,0.3065494800500293
4583,0.04529785389086678
4584,0.3485982295591068
4596,0.036813313040595735
4599,0.15845408425436294
4607,0.4242442602262793
4609,0.27673395965468844
4610,0.0627544586518141
4616,0.5237511738760906
4617,0.22821333521032225
4633,0.1483661888228025
4638,0.38124946861450176
4641,0.15251814097208832
4653,0.5608313316627832
4655,0.39565705555649405
4659,0.4269267668867563
4669,0.02487608839056195
4678,0.07415277323744143
4685,0.4834735631947789
4686,0.26705715900916704
4691,0.34148090649991786
4695,0.1790451724745589
4698,0.44008411704310696
4700,0.36960469657659883
4711,0.3338035015246045
4722,0.07443609022556391
4727,0.5133776601280008
4756,0.012863197391870545
4762,0.49713846143582774
4763,0.26011919969093955
4766,0.10682415225055096
4770,0.1448995551248501
4784,0.31806565534088294
4791,0.052320235573453756
4795,0.09238384974093052
4799,0.5171207598766727
4802,0.6894713163671274
4805,0.5545230597862177
4814,0.4710805067969647
4816,0.6646574079813397
4817,0.06798245614035087
4822,0.2323359963785885
4827,0.35081503799357605
4833,0.15403294077005225
4836,0.09276379015054632
4842,0.3946465526025522
4844,0.14194801033179502
4845,0.3073486195629295
4849,0.1342858768295488
4850,0.3461138728515562
4860,0.022637237745165652
4863,0.21867567799330384
4871,0.3183737120579226
4878,0.530886040957198
4881,0.509676970203286
4888,0.5262362788544742
4900,0.40187363960351574
4906,0.5116599244369463
4909,0.08177871455375844
4916,0.1289340486176268
4918,0.33717788133944265
4926,0.2102273073572614
4928,0.1769493564380897
4941,0.5306396156572035
4946,0.09138395301393842
4949,0.12480305311605747
4956,0.09200316504979263
4966,0.11458812002695358
4969,0.45816825531985755
4973,0.00939514606606751
4978,0.5658701590965228
4982,0.3356223963027728
4985,0.03886289598574801
4991,0.10555168331323389
4998,0.030778958003847976
5000,0.423979867105395
5004,0.418340619300037
5005,0.6079000870077301
5011,0.7307311945968933
5016,0.5171355694619943
5018,0.06443325301240013
5034,0.2951474696027398
5038,0.20067213488266122
5042,0.21418888129414446
5046,0.037935748462064246
5051,0.38175262778202423
5054,0.2059987662646267
5057,0.37305044706360496
5062,0.060367756125006396
5063,0.04269782412699714
5065,0.09091500973586579
5066,0.06629403198659842
5076,0.156888640962429
5089,0.16153757269804514
5092,0.4982769423558898
5093,0.5015346026154297
5094,0.09426949465660046
5098,0.7245044429254955
5102,0.08573431910746862
5112,0.22552572043554484
5117,0.3958924908958317
5127,0.6438896303994935
5130,0.34497307330895716
5131,0.5112442921196757
5132,0.512171223598016
5135,0.6742933888779096
5136,0.06743620343708864
5147,0.37941761718560535
5157,0.02821649528538832
5160,0.2357193844907799
5165,0.09504930092021754
5166,0.3705275145094112
5172,0.6660447330457259
5173,0.16607935675709554
5179,0.5933359308635735
5184,0.4735512776217703
5187,0.29268418913622796
5191,0.11391399890915603
5193,0.3863974324030038
5194,0.2891456419346028
5199,0.2793486150872582
5212,0.023301838916020622
5213,0.30423667074485294
5224,0.13092240169802496
5226,0.11677837738464342
5239,0.30889753270155534
5252,0.5748195655845973
5264,0.22271049244733457
5266,0.009768136503613302
5271,0.11360374785032318
5273,0.037869241794224726
5276,0.4410494478574475
5278,0.10078359348278275
5281,0.47399384394731425
5283,0.5347640963032321
5291,0.1494696624148081
5294,0.3336053012805312
5296,0.3599610786654665
5297,0.668170426065163
5313,0.014332963433045277
5314,0.1750076182897709
5321,0.3441747264133092
5325,0.05247576369813186
5326,0.13608110451739502
5328,0.04789665478015665
5334,0.16426439150505875
5338,0.4269836505206765
5344,0.12463851937536148
5348,0.3789524641108632
5352,0.21202965287407083
5353,0.06754083835368195
5354,0.24014998346046268
5361,0.7983103837305876
5364,0.03951898801403013
5365,0.16216426249197663
5367,0.519121159229242
5379,0.2380052566294592
5382,0.29960086698344
5386,0.3654977344637076
5395,0.05014325551792519
5410,0.2902789155751462
5411,0.2742613494133104
5416,0.471795700984761
5424,0.6931698534068431
5426,0.21898423852135532
5428,0.22147428904010935
5430,0.37758560560446586
5433,0.10696903173623959
5437,0.04931516817336397
5440,0.21683760137402516
5442,0.7422557546721106
5445,0.5723510873531912
5449,0.20470320654968463
5452,0.4443628360079841
5460,0.3553917786478582
5461,0.15101258349279065
5465,0.3825277924514988
5467,0.279885106895236
5471,0.2153252574826123
5474,0.5899649130907424
5475,0.0359562635756754
5480,0.10447546377296592
5481,0.25465991497730595
5484,0.17019239090057434
5494,0.3646198441872594
5495,0.7276040308710121
5497,0.0310942655867468
5499,0.4137845970284924
5507,0.0752273465340006
5510,0.03642722005461198
5515,0.18536967418546368
5516,0.16616383935790086
5517,0.12343821105596153
5524,0.04872270999182547
5530,0.0819270015698587
5534,0.4129815931249698
5543,0.3417516321225993
5545,0.606013019147708
5558,0.2932248980113982
5562,0.1562725306416727
5573,0.7135158733619466
5581,0.16165413533834586
5583,0.48238171368138677
5587,0.6195030338126531
5589,0.7153664974531689
5591,0.11231043982758433
5596,0.28234745591217797
5606,0.647823844339375
5608,0.2716175019245076
5611,0.32017078520871817
5612,0.3077416059496999
5614,0.2897066451942637
5620,0.007857020902364465
5623,0.12435440160535269
5624,0.07667310159475325
5626,0.2535670550541985
5633,0.2543220758241114
5635,0.058797414823803455
5640,0.3902528581166498
5643,0.08456754939608253
5644,0.3980955437995985
5653,0.5104449265323795
5663,0.023281910093688043
5664,0.6316216876527715
5667,0.41145154833841124
5671,0.503935878523278
5673,0.44651218814831484
5676,0.15859261066455116
5678,0.21983502181363554
5698,0.30244108120158636
5700,0.1669826843404731
5705,0.32895870679318684
5706,0.5936446891369073
5711,0.04980883559380113
5712,0.6800794401397323
5716,0.2898163537689505
5719,0.3225880498104717
5725,0.6424563010089327
5728,0.12838170870470908
5734,0.2568331543143573
5735,0.037738573780482454
5743,0.31005755599004153
5754,0.15822477120296752
5755,0.5110441949204896
5756,0.10166496620397143
5766,0.07025609928386983
5770,0.4830464104157008
5774,0.24179759648562313
5775,0.09061171947004952
5776,0.11617381617788865
5778,0.00796154769174626
5786,0.6003397917871601
5787,0.36415262219978617
5791,0.38002246608603607
5794,0.3320314008554607
5803,0.2047013831651444
5804,0.3185279537134983
5808,0.1850702337238445
5810,0.04511760128201895
5813,0.5518544624018838
5828,0.0735171261487051
5839,0.543233082706767
5842,0.36692652540279297
5843,0.0591569365723441
5844,0.36440119724856024
5847,0.48483182548341697
5851,0.0718313641245972
5854,0.1474994303941672
5857,0.04217088342914423
5866,0.46326572520274045
5874,0.19793767373486226
5886,0.1161101069880371
5895,0.23941514037516481
5897,0.08037491754954941
5898,0.22761295429016118
5900,0.5989974937343358
5902,0.39468399988069525
5908,0.4475828224530282
5909,0.056864445395653385
5912,0.01929752164023504
5913,0.10746558067258913
5917,0.23152948159873368
5918,0.724231712194576
5921,0.2947171551626858
5931,0.31671224875136333
5942,0.37418579939881463
5943,0.4959153813688517
5950,0.027583052419907
5954,0.02199990712851712
5983,0.01414487877300409
5995,0.6495814429347138
6002,0.2418872985560372
6005,0.03539514865562653
6009,0.28645617846063764
6011,0.0816669128699204
6012,0.15052039304985332
6019,0.1979217129631497
6021,0.2450011687500485
6029,0.7527740819103036
6036,0.4214997248141903
6037,0.018571221979329988
6038,0.014302998518022286
6043,0.07582758287073002
6045,0.22158928414064671
6047,0.5526315789473685
6048,0.012081336203900932
6061,0.39998407092444527
6063,0.19679464499044672
6064,0.07163906749342942
6068,0.5605512478374866
6069,0.05387045087847472
6070,0.31613293200722625
6071,0.32428442486986664
6074,0.2758049796852101
6079,0.24231768120262098
6082,0.035286731408703656
6088,0.6799361527396698
6094,0.16660871123022927
6095,0.3959171563132538
6098,0.420004926780872
6102,0.015426641570755725
6105,0.32882904777629907
6113,0.031161225314074333
6116,0.45598956845689925
6120,0.19383892843479308
6121,0.2045172277628094
6126,0.2057471308608818
6144,0.1471766848153018
6145,0.05940357606838393
6153,0.38774637793774913
6156,0.09511121423012013
6159,0.2753547433726497
6162,0.38207431768983907
6184,0.4683606500976857
6188,0.24320177775177276
6189,0.278322309948242
6191,0.3016731745414554
6211,0.5241036402338223
6216,0.09582553669240976
6218,0.5235250234044696
6222,0.22348637406171482
6235,0.22789526095345003
6245,0.14395898693956735
6248,0.5263773941457953
6253,0.3315839981205247
6256,0.02722287346967219
6257,0.34168462823461354
6259,0.45902029617800494
6266,0.30968923163549994
6268,0.24310523097703673
6275,0.2478707310737221
6280,0.6882070108191042
6283,0.3743549053749352
6288,0.013008890629167956
6289,0.06571595313186132
6301,0.05367574366606288
6308,0.10889430133797467
6314,0.047715359600992865
6315,0.10055554913653973
6316,0.5611790171526477
6317,0.5783921138396534
6318,0.02880467457043578
6323,0.5101491762341303
6329,0.5892183072059233
6336,0.23832229616174777
6341,0.6697025311690469
6348,0.22335359168493613
6349,0.034489000278473965
6365,0.06748744714939779
6372,0.38379736854757285
6376,0.03635799320413859
6378,0.044663960489556696
6379,0.6868534045145788
6382,0.23343796669637887
6383,0.4386615134502445
6389,0.73920389927559
6390,0.10736432660571281
6392,0.09777284119389382
6394,0.509121894009705
6402,0.07322690486498684
6404,0.21907405933505997
6405,0.07346709133710119
6406,0.3494834132840293
6409,0.04239410496170801
6410,0.2559212544777703
6411,0.10025357586157778
6421,0.13713690662225525
6428,0.36683446198613506
6429,0.2522315029041878
6432,0.13459525589707838
6436,0.021346005032659
6437,0.2815119282842881
6438,0.22098820291898036
6445,0.3021862259960412
6447,0.48114816222567924
6450,0.10423531939399143
6462,0.0871910987251202
6467,0.6439864023575607
6478,0.007261195076990274
6484,0.11695389859019463
6492,0.23000720585953857
6497,0.07810002300310165
6504,0.26553297279425986
6505,0.23104910124793754
6513,0.5209437967839812
6525,0.36515700441226734
6526,0.1890724700823057
6528,0.2326216812878086
6540,0.03557893777604429
6542,0.06076721576712321
6544,0.2981462747094731
6548,0.019145035499387928
6552,0.08759754487375193
6558,0.008682803263594864
6567,0.08268106945155998
6569,0.48518608307899075
6572,0.04448877645905824
6577,0.09794187173097635
6581,0.15130494759240187
6588,0.3505627052758646
6591,0.6225503597160198
6594,0.27491599128783395
6600,0.38709265552140004
6602,0.1701226751088247
6604,0.2511152248711851
6605,0.0364748914023678
6614,0.20766722835917664
6616,0.34400115522918306
6621,0.40958513662082247
6640,0.1401992398919658
6641,0.4516047002293029
6643,0.07448881367093699
6644,0.3532137493144534
6649,0.7007582518942441
6650,0.49528704988273975
6655,0.6754338535322193
6661,0.017362740144116314
6672,0.3034600309437595
6677,0.27181646550586996
6688,0.10556490413103951
6689,0.1774860453357453
6691,0.041079142693631
6692,0.40257591874111537
6694,0.6243785998846563
6702,0.6251398074402291
6714,0.1150287349273822
6716,0.4773231779587718
6724,0.1406379090968589
6725,0.06555097663464861
6730,0.2641188026265168
6735,0.3247979032612103
6738,0.42095302364707915
6739,0.3467903867762543
6743,0.23167779073290787
6747,0.0342421802396941
6750,0.7119481915647392
6751,0.6311031493387104
6753,0.5142868911049286
6754,0.5430382608100089
6755,0.16396143834776247
6762,0.3899248287955288
6764,0.293579001387126
6772,0.7137334185562411
6774,0.06698096418179816
6787,0.22604618796735565
6789,0.026582228745538537
6793,0.17291301873100626
6798,0.09947861120079321
6799,0.022892799974999715
6800,0.032387264745715
6802,0.01565248525039306
6808,0.436943790601116
6809,0.20812226169509493
6812,0.010215201898466662
6814,0.6943722724483123
6816,0.6769476841727563
6822,0.5023652325186533
6829,0.5353528693929078
6834,0.8529336778505687
6836,0.06756397655565217
6839,0.185709279423327
6840,0.42330454339429835
6843,0.06401927147967006
6846,0.2660057232276699
6848,0.015975059574380456
6852,0.09418359078484806
6856,0.28232037741060995
6860,0.08277497508346109
6866,0.31985477515142585
6870,0.24019664336466454
6878,0.39969329845785534
6880,0.2019276657929789
6885,0.08225422860037034
6897,0.035518053375196236
6902,0.6916828037502892
6904,0.4209832406037369
6907,0.009035210954403915
6909,0.1526784629139738
6914,0.45512568377451174
6915,0.4339610673822337
6922,0.3948543920185549
6924,0.15443636332301597
6933,0.048098280728458676
6934,0.20073830409356727
6941,0.3151412148298594
6957,0.3781139021613061
6960,0.0838558096051273
6969,0.04107599932107837
6975,0.08320598684134267
6980,0.4944134553595745
6983,0.11120286354720997
6987,0.026101339030640627
6994,0.046203815024033326
6997,0.07086582777773438
7002,0.04130024718159281
7010,0.02393861411007312
7015,0.29074438318613705
7019,0.44695863303352784
7022,0.21709378034961618
7025,0.02673009053245358
7029,0.03975901688816342
7031,0.19648732717476267
7037,0.26556477136000317
7038,0.20143276574633895
7043,0.02864405929688219
7049,0.09431108193641914
7052,0.30116055433059497
7053,0.2311950471698429
7056,0.022058407246618048
7057,0.44895813278970886
7080,0.2493148347886668
7086,0.37273228335272796
7087,0.18897624371008434
7105,0.47101788435645336
7108,0.016848638992451044
7121,0.38435455089137904
7122,0.18027650377170218
7125,0.3551400625225264
7132,0.31563078173832576
7134,0.10327209714349789
7151,0.29004529803634305
7152,0.6822511926088884
7157,0.11122879530676799
7159,0.15740166095489017
7166,0.7020673295509561
7167,0.09481811813491346
7177,0.08219624171076853
7179,0.6014271589013997
7181,0.3117204268439418
7183,0.17063975871353904
7186,0.022791353383458647
7193,0.1280948250348068
7205,0.03503827378148687
7207,0.1483598820769874
7209,0.32503396805002394
7216,0.18088008300171435
7232,0.6089774901453406
7235,0.1997919764441689
7238,0.22241883150056582
7240,0.4606897734857768
7243,0.3344902698343176
7252,0.3388750761756627
7269,0.388350697760659
7275,0.02628298291778583
7281,0.17124649601114106
7283,0.08280838510743017
7287,0.10380520588814672
7289,0.4950456077028728
7291,0.31317478007029065
7294,0.032792256462497345
7304,0.3500131782870682
7308,0.2536994028711719
7313,0.12261677950532443
7319,0.5330510948255391
7325,0.18095371893366208
7326,0.06689980994389712
7330,0.30673830372487015
7332,0.021547394973262596
7337,0.26066528220971513
7341,0.13636706716089236
7346,0.358009268195366
7353,0.6098440545808967
7354,0.6042005775800217
7361,0.4132222900066761
7366,0.3810909232422695
7368,0.06278451095207685
7372,0.033164784123055104
7375,0.40504412556527714
7377,0.4245366177696278
7380,0.08908664672685623
7382,0.49854835623361643
7385,0.5605540449194287
7392,0.6838999224807495
7395,0.03951226680226366
7397,0.24335894858674562
7403,0.053683159295093645
7406,0.4698647354235006
7409,0.6484690698808956
7410,0.220022075886412
7412,0.04039438148044147
7419,0.2304419548509721
7425,0.04622451336039716
7435,0.17203466310097684
7438,0.2708089329201127
7440,0.2207089306670153
7447,0.3399630710143076
7449,0.4923342230474403
7456,0.14387890635257
7464,0.07718910011492837
7478,0.26110896038184656
7480,0.11037396706511247
7481,0.4142359550916874
7483,0.2981720366816073
7484,0.07533853043550222
7491,0.42287690528794325
7494,0.37479002869155076
7501,0.5551948451900868
7503,0.6851474812441151
7509,0.26780070907475495
7517,0.06371472456099045
7518,0.14676862192690596
7519,0.16794223698234725
7521,0.48182628951885736
7522,0.5988968483472408
7536,0.09668453904597361
7539,0.06849624060150375
7547,0.5221339161276465
7549,0.013508960798301294
7552,0.47501681946488994
7554,0.4526198852932715
7556,0.15789473684210525
7564,0.1326566856216733
7566,0.2642055134143746
7570,0.17728971700804408
7571,0.05401599236185702
7572,0.2314717589051968
7575,0.040473740008289225
7586,0.04240396997104172
7589,0.1023391812865497
7590,0.03764508617006135
7597,0.15926602573234322
7602,0.0152172800441386
7604,0.20807367514555214
7605,0.46345124792517217
7612,0.8003610581480415
7615,0.16503674050931916
7617,0.10474073311332839
7624,0.06452021037919747
7632,0.13492768506302227
7639,0.3994500772267904
7642,0.34409814859729965
7643,0.24222263190944093
7649,0.3143272488781852
7650,0.37676890927594237
7653,0.2865116213923014
7654,0.44051317800531553
7657,0.6548563971124558
7662,0.2545753873211275
7669,0.48293495765676747
7671,0.03372482612652343
7675,0.0677882768749434
7678,0.335961098006017
7682,0.6223306714651987
7688,0.5774689912563782
7689,0.1716909840664055
7690,0.10446209521454493
7692,0.6482838282464042
7699,0.2980192962462879
7705,0.6063859830734477
7712,0.10683258462343678
7726,0.5317211440268548
7728,0.3048399388471698
7735,0.26148037211827224
7737,0.7017233244318114
7739,0.05263157894736842
7743,0.546045844595791
7744,0.32200039737290054
7746,0.3141793852079446
7749,0.26485555645358294
7750,0.49029189063614054
7752,0.031070104678819092
7755,0.19937300946323003
7756,0.743874441348341
7762,0.12145853764846899
7764,0.5413658477064548
7769,0.04691581561954848
7770,0.4128781935373917
7776,0.20327315860357498
7778,0.5490768843151346
7784,0.44141473350915805
7786,0.1701927222085121
7789,0.07495543816183806
7793,0.29607682464537893
7794,0.06300531053915248
7804,0.19527201815088435
7811,0.14958880752491233
7813,0.27756891091353847
7815,0.24190510885416522
7817,0.0500644934296176
7818,0.41193793306796406
7821,0.16924123488478296
7825,0.011457989108200185
7830,0.3304061471870751
7832,0.2082393484111491
7835,0.004114256729340589
7839,0.24525550842133298
7842,0.0498220967253364
7849,0.4087881265083087
7856,0.3421461466882727
7857,0.018653065983675835
7863,0.17249528641212356
7866,0.18193867008526723
7871,0.06705845930601964
7875,0.5120515741975754
7882,0.5674353647276086
7887,0.6792976029818134
7888,0.5926913173165144
7891,0.6893656555181056
7895,0.042016020758268297
7901,0.4466379039262587
7906,0.22291529488070755
7908,0.7178225054469204
7917,0.1405936820977649
7924,0.49064700415446943
7948,0.41235012079989775
7950,0.7353536688497061
7955,0.14225035206675052
7957,0.03807519786214193
7959,0.23610656756326712
7967,0.0423427783881805
7969,0.26825320432896155
7971,0.23559564431519026
7974,0.3401551671257742
7976,0.042252336441987365
7986,0.6579132388900133
7987,0.6157179665497072
7993,0.3720562159616379
7996,0.40695423575432654
7998,0.2971122201054167
8018,0.04500466160546924
8019,0.2764181981042577
8027,0.04008800110922992
8036,0.049435309532241886
8040,0.045996324273114855
8044,0.0595804241661867
8050,0.20018796992481203
8052,0.48145851584756916
8054,0.5319110221875534
8057,0.7516699379230214
8058,0.054833015830916626
8059,0.5065145241242915
8066,0.6370015948963317
8070,0.23093888829441545
8072,0.424378632389488
8078,0.04906363871019923
8079,0.20127103472968136
8080,0.47937407464228504
8081,0.0939927245225334
8088,0.04648878973507422
8091,0.5941430802960049
8094,0.22412103210948708
8095,0.6892230576441103
8099,0.02841037643284741
8101,0.5113173752012486
8102,0.03753000487405692
8116,0.4424376370964154
8125,0.13437066422160956
8134,0.5248081245780805
8139,0.026370952337029147
8141,0.3436648015688915
8147,0.0629333159341643
8158,0.3400860855570665
8160,0.06198644085108436
8165,0.29615525046194535
8187,0.18890852441105024
8205,0.1919150991569162
8209,0.28788024504028
8211,0.24258003022557545
8232,0.012234560852272196
8236,0.13945426463454388
8237,0.32344205120820163
8238,0.6361509104038277
8245,0.5439903075060141
8256,0.3351843610311359
8268,0.03285757363594844
8269,0.0147266730387926
8270,0.2938291576573623
8286,0.19565305044977926
8289,0.12492437440039648
8301,0.3803105138634096
8305,0.18793693916796117
8310,0.4080639968763026
8312,0.05929516685170794
8318,0.8249343371053895
8321,0.1947254107311297
8328,0.047726407907495536
8331,0.019263712349928533
8334,0.30229531612013033
8344,0.17445076120068614
8345,0.05972559600511413
8352,0.4332613075415601
8358,0.2840153017204102
8359,0.41632877254474254
8360,0.05665306221226701
8365,0.15594668489405333
8366,0.1411337886134837
8369,0.5439830959114511
8373,0.06553609729653287
8378,0.09581379480115428
8392,0.21052743962645376
8397,0.5039159616302659
8399,0.26091976962651636
8400,0.3011908359553416
8405,0.630885754859541
8406,0.054716300283676904
8410,0.19017498731795002
8413,0.2423901681973717
8414,0.4824481543896873
8416,0.6897927111876133
8426,0.03411095809695968
8434,0.25640953496422364
8439,0.10968551759159301
8440,0.23608691552064842
8475,0.041353383458646614
8480,0.31224092470899717
8497,0.4047208719226639
8499,0.5739831272553118
8500,0.3960549347272095
8501,0.05351420052904802
8502,0.38203735924885895
8518,0.34009682915227935
8520,0.44986809825275326
8523,0.31054928809541127
8525,0.13807499991099698
8532,0.03480709320982375
8535,0.396405964708692
8543,0.405828986299464
8554,0.2699921752714853
8560,0.10614772224679345
8561,0.2684416915242135
8563,0.10222385130574663
8566,0.6311533550858277
8570,0.4877265653851873
8572,0.22499017307018723
8582,0.1779323549255481
8583,0.40834283354966444
8587,0.43447840760860146
8592,0.27388913127494485
8593,0.28220810147369446
8607,0.14473684210526316
8609,0.3253853954211349
8610,0.14654597947773282
8614,0.5073546930817224
8616,0.4190754446063389
8622,0.38483195641171897
8623,0.15462680740373694
8624,0.39250622569942056
8633,0.27527373665441734
8641,0.28756831033482066
8644,0.5708199239182346
8649,0.48005532928662475
8653,0.04675103839460881
8657,0.10766013407781487
8658,0.18432428976523837
8663,0.04570955449815559
8672,0.6368629267993553
8680,0.2507737253394951
8684,0.2894710460964781
8687,0.07695135886439979
8688,0.16529085663434695
8690,0.15639097744360902
8712,0.4618942583416175
8717,0.24516942507193498
8730,0.09932703390632504
8739,0.238825625819072
8744,0.15413533834586465
8747,0.2953736768130298
8748,0.3192619356116382
8751,0.5276383842349924
8758,0.3117087825630752
8761,0.349987215565989
8763,0.012253550654991563
8764,0.6266110587445819
8765,0.16357200163683341
8773,0.11592656980173204
8780,0.10741689068710579
8781,0.24522135292543523
8782,0.5116850271945362
8785,0.0869543221130686
8786,0.19082210490438192
8797,0.5957576619367045
8799,0.041175409032113294
8807,0.6792420433276486
8816,0.04231566522048959
8817,0.3024729662583696
8826,0.5710528600026847
8833,0.10145978426976353
8834,0.04930044621508096
8835,0.05526597659144239
8840,0.19355485481627943
8843,0.03455346456867007
8849,0.1560410741273526
8855,0.09670720616435469
8861,0.16078987102507328
8862,0.1775519344251568
8865,0.15583470868190552
8868,0.05089153606908838
8870,0.03791832812185929
8880,0.24146581069642653
8885,0.03495773315659239
8894,0.1605847431370943
8895,0.059643843721461275
8899,0.08043979783938232
8912,0.413841787561485
8922,0.016512912786097515
8924,0.18301604566829732
8928,0.2976222464777267
8932,0.39489777637028906
8943,0.16603735498853547
8945,0.16948737680473916
8946,0.08149920255183414
8954,0.4291775701770694
8958,0.43994770040174475
8960,0.43775431883629135
8965,0.32338443688205515
8966,0.0958011874185001
8967,0.19126525728121269
8969,0.2888815861051897
8980,0.16401718582169708
8984,0.03255896780244765
8985,0.6762313199330293
8988,0.35893899047940575
8989,0.25516639309252
8995,0.15600568836085893
9004,0.012981515053785692
9010,0.023175972553123828
9012,0.17387405710838882
9018,0.46927344476380106
9036,0.17927267499131952
9037,0.2147599250136475
9040,0.20990865656652424
9041,0.32361522584954344
9044,0.3095669581155709
9045,0.07244370402158117
9047,0.39780057873024144
9049,0.031311433279009024
9061,0.03142122107305528
9062,0.25640452654876955
9076,0.29473402263408943
9079,0.18863627654969234
9081,0.2814310839960113
9082,0.23387928954659443
9089,0.585023802555679
9092,0.2085370730098698
9094,0.318009537846239
9115,0.044741593055917586
9117,0.338959193279443
9118,0.28060383434216724
9120,0.09102440396839433
9124,0.02532312288223265
9128,0.18940078177826078
9135,0.36941686567758947
9136,0.7458215406025943
9138,0.4422869749699711
9157,0.3829102179162881
9176,0.03871625711363819
9183,0.17192482952873078
9187,0.3114254056910142
9188,0.34110476664913214
9190,0.09446731909137925
9197,0.040333443215011
9200,0.06540488765035432
9201,0.17232390231748046
9203,0.02718397895155893
9212,0.5389758537910398
9213,0.05408536270644993
9214,0.29183285229909184
9217,0.21721609664521602
9219,0.02603098329816169
9220,0.4196566104712771
9221,0.32906527809206226
9237,0.02826832000052407
9240,0.25622421905054893
9241,0.013370430528092992
9248,0.44397545977388614
9253,0.5214240915315356
9259,0.3748146465988424
9267,0.020263295322612195
9271,0.5103452784361895
9273,0.2130523466186464
9285,0.015965843366706478
9290,0.17459957049400546
9291,0.11032394001444536
9293,0.13753358498278231
9294,0.01566881189430871
9301,0.19903736429430802
9302,0.17562649310254175
9312,0.10820018796992481
9316,0.47293233082706765
9319,0.487579870004682
9328,0.052469636012245684
9331,0.6780684609631978
9338,0.12018741492425704
9350,0.25863679232527004
9356,0.11038021016656918
9359,0.46429842573869157
9362,0.31569766231615803
9364,0.04521208845511848
9370,0.42130181899154867
9380,0.20466132360938755
9386,0.20269200476097093
9394,0.14908850146872968
9407,0.41975371191315136
9411,0.47214888772047053
9422,0.3284471322157293
9423,0.2384127938665806
9429,0.24818849417019756
9433,0.22471632570408406
9439,0.04758588278714648
9451,0.32820331761792476
9452,0.32136967866721095
9453,0.03819731118503713
9460,0.05014293095524994
9465,0.04814760599805384
9470,0.04149627495615876
9476,0.40409766304536066
9485,0.6279267794305389
9486,0.09254178352346988
9488,0.2676868885103737
9507,0.009122072355616816
9508,0.5015994639360488
9517,0.4044268463988484
9521,0.11192374446722816
9528,0.12920316948570404
9532,0.26378042767973964
9536,0.09728492470265646
9540,0.2694059317047647
9542,0.4133388083061116
9546,0.15297797059565668
9548,0.15930559448999562
9549,0.052996621989757
9554,0.1674971051751102
9555,0.44746221488340143
9558,0.12180721428648564
9573,0.5739308753074613
9575,0.4887370450234026
9584,0.396046942046922
9586,0.1921952316689159
9588,0.10762620837808808
9591,0.27677229726416597
9592,0.730560104860159
9597,0.34913763477508314
9600,0.23997883144361767
9603,0.3326264366424759
9605,0.3246710986081665
9614,0.5051342419261401
9616,0.04647948343516015
9622,0.5815195577020618
9624,0.25211863721816197
9629,0.5402165028651226
9633,0.04499080691099178
9640,0.3284071277226491
9644,0.4358596952632554
9645,0.446925085808692
9646,0.11748590789170626
9648,0.7328141783029001
9649,0.06637973746618855
9660,0.28945411959477957
9664,0.4935222436005485
9675,0.01777121475962315
9679,0.630685282566355
9680,0.3422210220956549
9682,0.39595610648242224
9697,0.03568133903152874
9701,0.17051503765549905
9704,0.5028485182796617
9705,0.2639860340641656
9707,0.17768163034423412
9714,0.11490953197343176
9718,0.22081738447164612
9722,0.13098817977780516
9739,0.11877563384740662
9747,0.6033243099345886
9751,0.12980910067376233
9757,0.17451071918123442
9759,0.032822278401184304
9760,0.0612280369414563
9764,0.5002625117778433
9776,0.37358924041039715
9778,0.32048020086657475
9786,0.027685343453733368
9803,0.44225403851967404
9804,0.287593984962406
9815,0.09373238043017133
9824,0.03007518796992481
9825,0.16425242384765204
9826,0.3073111735543101
9827,0.0334611726328948
9833,0.08431647458234669
9835,0.06040199674415832
9860,0.27133595598905275
9865,0.24015643797020628
9871,0.15552675080982334
9874,0.15699990274841005
9880,0.32635373609002455
9882,0.3183803086279401
9885,0.09104087850532543
9888,0.5894780676423321
9892,0.06820278365385671
9893,0.49189052227790003
9896,0.31899310317285196
9902,0.09090045380835816
9906,0.33913300567435906
9910,0.2605431392159845
9914,0.3014722309973728
9918,0.5296669998173629
9920,0.26790003694146564
9926,0.32504860666700874
9931,0.053357860569719064
9935,0.4551260238522311
9945,0.6496888942309933
9953,0.3491963061980459
9957,0.010047838591775212
9963,0.047256446148180926
9972,0.1709984008328373
9976,0.3026562475493618
9979,0.3505520226590512
9980,0.03234408761285362
9982,0.05976696460477708
9991,0.6820191656420066
10000,0.3942391423240275
10003,0.20940018171019253
10005,0.7100420310509152
10014,0.018358658945553608
10032,0.3781895092778385
10034,0.16958545557536658
10041,0.027773909090239614
10042,0.01933871071578011
10044,0.07480574554772554
10045,0.28785559517606646
10054,0.46170170623097506
10061,0.11809870409843085
10062,0.45457710480278785
10073,0.24067623294590867
10081,0.03625251110526595
10084,0.30006644455048764
10086,0.24767488410981442
10093,0.46903447866721426
10101,0.4760953559267691
10105,0.3292684923020844
10110,0.48982906870718707
10113,0.5165162733095152
10115,0.5382775972962763
10119,0.5854147084755672
10121,0.4927395824835949
10124,0.7322348948530604
10126,0.475843036965754
10127,0.07604360483232975
10145,0.28160696350147363
10147,0.5842564628945364
10148,0.041487182828988216
10162,0.4145532569473457
10163,0.11845446950710109
10166,0.6073965995025766
10172,0.2289534166302544
10173,0.34448788027513116
10175,0.0762756778015973
10180,0.09263765062811828
10186,0.02772985854301118
10192,0.3753924096319009
10199,0.5019740167851114
10209,0.6008935381933094
10210,0.14323253870487093
10214,0.17615587447420006
10215,0.42842198236176954
10216,0.7304869955771762
10232,0.380311427552409
10239,0.22429041307230335
10249,0.23325646612956838
10253,0.5413677522848125
10255,0.16702024522340428
10262,0.13522192471334948
10264,0.04103336902598391
10266,0.16932737320559132
10268,0.057174323705671194
10271,0.10982000455684666
10272,0.39789012934571966
10276,0.2589008930193406
10277,0.026978299643024135
10279,0.5619311436485951
10281,0.027740953708408032
10285,0.060915785993646075
10294,0.2616581636112657
10300,0.1977125929535953
